antecedents,consequents,antecedent support,consequent support,support,confidence,lift,leverage,conviction,zhangs_metric
"frozenset({'IsActiveMember=0.0', 'Age_Group=Senior', 'Gender=Female'})",frozenset({'Exited=1'}),0.022695460907818436,0.20375924815036991,0.020195960807838434,0.8898678414096918,4.367251300186329,0.015571550756835237,7.22986602679465,0.7889281102023247
"frozenset({'IsActiveMember=0.0', 'Age_Group=Senior', 'NumOfProducts=1'})",frozenset({'Exited=1'}),0.029294141171765646,0.20375924815036991,0.02569486102779444,0.8771331058020477,4.304752367140374,0.019725908847424676,6.480515008109486,0.7908663508886816
"frozenset({'IsActiveMember=0.0', 'Age_Group=Senior', 'Balance_Category=High'})",frozenset({'Exited=1'}),0.02449510097980404,0.20375924815036991,0.020895820835832832,0.8530612244897959,4.1866135266668,0.01590471747682057,5.418860672309983,0.7802559124524999
"frozenset({'IsActiveMember=0.0', 'Age_Group=Senior'})",frozenset({'Exited=1'}),0.04249150169966007,0.20375924815036991,0.03609278144371126,0.8494117647058824,4.168702880563413,0.02743474500460836,5.287536242751452,0.7938490676386784
"frozenset({'IsActiveMember=0.0', 'Age_Group=Senior', 'HasCrCard=1.0'})",frozenset({'Exited=1'}),0.02979404119176165,0.20375924815036991,0.02489502099580084,0.8355704697986578,4.100773228128643,0.018824209563206337,4.842443756146732,0.779363952098584
frozenset({'NumOfProducts=3'}),frozenset({'Exited=1'}),0.02659468106378724,0.20375924815036991,0.021995600879824034,0.8270676691729323,4.059043585411025,0.016576688661467866,4.604348695478294,0.7742268618809293
