{
    "models": {
        "Logistic Regression": {
            "accuracy": 0.7031484257871065,
            "precision": 0.3801546391752577,
            "recall": 0.7230392156862745,
            "f1_score": 0.4983108108108108,
            "roc_auc": 0.776668451435816,
            "training_time": 0.1159815788269043
        },
        "Decision Tree": {
            "accuracy": 0.8250874562718641,
            "precision": 0.5591836734693878,
            "recall": 0.6715686274509803,
            "f1_score": 0.6102449888641426,
            "roc_auc": 0.8330402311583767,
            "training_time": 0.3967900276184082
        },
        "Random Forest": {
            "accuracy": 0.8495752123938031,
            "precision": 0.6327543424317618,
            "recall": 0.625,
            "f1_score": 0.6288532675709001,
            "roc_auc": 0.859060165183462,
            "training_time": 0.9871149063110352
        },
        "XGBoost": {
            "accuracy": 0.8520739630184908,
            "precision": 0.6497326203208557,
            "recall": 0.5955882352941176,
            "f1_score": 0.6214833759590793,
            "roc_auc": 0.8617065470255898,
            "training_time": 0.574573278427124
        },
        "SVM": {
            "accuracy": 0.7956021989005497,
            "precision": 0.4991364421416235,
            "recall": 0.7083333333333334,
            "f1_score": 0.585612968591692,
            "roc_auc": 0.8386030181061752,
            "training_time": 36.95465636253357
        },
        "Gradient Boosting": {
            "accuracy": 0.8525737131434283,
            "precision": 0.6490765171503958,
            "recall": 0.6029411764705882,
            "f1_score": 0.625158831003812,
            "roc_auc": 0.8667023620496535,
            "training_time": 9.230618476867676
        },
        "Random Forest Optimized": {
            "accuracy": 0.8490754622688655,
            "precision": 0.6424731182795699,
            "recall": 0.5857843137254902,
            "f1_score": 0.6128205128205129,
            "roc_auc": 0.8560322120059575,
            "training_time": 269.1275269985199
        },
        "XGBoost Optimized": {
            "accuracy": 0.8450774612693653,
            "precision": 0.6467065868263473,
            "recall": 0.5294117647058824,
            "f1_score": 0.5822102425876011,
            "roc_auc": 0.8471468311116034,
            "training_time": 132.67773699760437
        },
        "Neural Network": {
            "accuracy": 0.8275862068965517,
            "precision": 0.5665961945031712,
            "recall": 0.6568627450980392,
            "f1_score": 0.6083995459704881,
            "roc_auc": 0.8480207525571434,
            "training_time": 443.4685823917389
        }
    },
    "training_date": "2025-11-15 13:44:20",
    "dataset_info": {
        "total_samples": 10002,
        "churn_rate": 20.375924815036992,
        "features": 21
    }
}